{"options":{"check_for_updates":true,"user_modified":1754464657391,"comment":null,"compatopts_for_requires":true,"compat_wrappedjsobject":false,"compat_metadata":false,"compat_foreach":false,"compat_powerful_this":null,"sandbox":null,"noframes":null,"unwrap":null,"run_at":null,"tab_types":null,"override":{"use_includes":[],"orig_includes":[],"merge_includes":true,"use_matches":[],"orig_matches":["*://*.tribalwars.com.br/*","*://*.die-staemme.de/*","*://*.tribalwars.net/*"],"merge_matches":true,"use_excludes":[],"orig_excludes":[],"merge_excludes":true,"use_connects":[],"orig_connects":[],"merge_connects":true,"use_blockers":[],"orig_run_at":"document-end","orig_noframes":null}},"settings":{"enabled":true,"position":3},"meta":{"name":"Anti-Logoff Robusto (com persistência)","uuid":"c4f83f6d-8441-49eb-a467-ded2ad41f5b1","modified":1754464657391}}